properli,2,0.0,0
,1,0.0,2
govern,1,0.0,3
analysi,8,0.0,4
branch,1,0.0,9
slab,2,0.0,10
music,2,0.0,12
volum,1,0.0,14
visual,1,0.0,15
rai,1,0.0,16
trauma,1,0.0,17
tritical,1,0.0,18
tennesse,1,0.0,19
serv,2,0.0,20
antonin,1,0.0,22
arturo,1,0.0,23
version,1,0.0,24
photosynthesi,4,0.0,25
1,6,0.0,29
2,5,0.0,35
3,4,0.0,40
4,2,0.0,44
size,1,0.0,46
minnesota,1,0.0,47
temper,1,0.0,48
left,10,0.0,49
7,1,0.0,55
8,1,0.0,56
9,1,0.0,57
handl,1,0.0,58
economi,1,0.0,59
detail,1,0.0,60
object,1,0.0,61
advoc,1,0.0,62
uric,1,0.0,63
hang,1,0.0,64
abnorm,1,0.0,65
role,2,0.0,66
yellow,6,0.0,68
manual,1,0.0,73
suffici,1,0.0,74
miner,4,0.0,75
polici,2,0.0,79
result,3,0.0,81
gold,1,0.0,83
densiti,3,0.0,84
surfac,2,0.0,86
musician,1,0.0,88
rct,2,0.0,89
saint,1,0.0,91
salt,1,0.0,92
learn,1,0.0,93
dvorã¡k,1,0.0,94
botox,1,0.0,95
tradit,1,0.0,96
neck,1,0.0,97
cfo,1,0.0,98
blood,2,0.0,99
surgeri,6,0.0,101
materi,1,0.0,104
photograph,1,0.0,105
pentecost,2,0.0,106
â,1,0.0,107
â,2,0.0,108
dissect,2,0.0,110
earlyâstag,1,0.0,112
â,1,0.0,113
demonstr,1,0.0,114
god,2,0.0,115
facet,1,0.0,117
discuss,2,0.0,118
indetermin,1,0.0,120
incid,1,0.0,121
correct,1,0.0,122
undertak,1,0.0,123
â¦,3,0.0,124
violenc,2,0.0,127
red,2,0.0,128
acid,11,0.0,130
spring,2,0.0,138
act,1,0.0,140
corticosteroid,4,0.0,141
intestin,4,0.0,143
jericho,1,0.0,145
practic,1,0.0,146
haywood,1,0.0,147
chines,9,0.0,148
initi,1,0.0,152
shade,3,0.0,153
equival,2,0.0,156
diseas,12,0.0,158
discrimin,1,0.0,165
adr,1,0.0,166
respect,1,0.0,167
websiteâth,1,0.0,168
substanc,4,0.0,169
pbc,12,0.0,171
canada,3,0.0,174
urin,21,0.0,177
atlant,1,0.0,187
success,3,0.0,188
hundr,1,0.0,190
harm,4,0.0,191
medium,1,0.0,194
famili,3,0.0,195
primari,11,0.0,198
bodyâ,1,0.0,206
gezer,1,0.0,207
accomplish,1,0.0,208
determin,3,0.0,209
root,4,0.0,212
combin,4,0.0,215
live,2,0.0,219
rica,14,0.0,221
worsen,1,0.0,231
volunt,1,0.0,232
peac,1,0.0,233
colorâurin,1,0.0,234
particip,1,0.0,235
perform,4,0.0,236
rich,2,0.0,240
duct,8,0.0,242
energi,1,0.0,245
special,3,0.0,246
china,2,0.0,249
permit,1,0.0,251
cancer,2,0.0,252
shaft,1,0.0,254
rimari,2,0.0,255
career,1,0.0,257
gadget,1,0.0,258
challeng,1,0.0,259
iww,3,0.0,260
american,6,0.0,262
rib,21,0.0,267
rid,1,0.0,277
approach,1,0.0,278
pee,1,0.0,279
number,1,0.0,280
identifi,2,0.0,281
tissu,7,0.0,283
punish,1,0.0,288
write,1,0.0,289
flow,4,0.0,290
wage,1,0.0,293
period,4,0.0,294
geograph,1,0.0,298
shape,1,0.0,299
invit,1,0.0,300
bulb,1,0.0,301
understand,2,0.0,302
securit,1,0.0,304
polyglandular,1,0.0,305
spot,1,0.0,306
liverâ,3,0.0,307
whatâ,1,0.0,309
bulk,1,0.0,310
issu,2,0.0,311
bull,1,0.0,313
aid,2,0.0,314
women,3,0.0,316
aim,2,0.0,318
increas,1,0.0,320
retain,2,0.0,321
ruptur,1,0.0,323
institut,1,0.0,324
entitl,1,0.0,325
matter,2,0.0,326
cell,13,0.0,328
restrict,1,0.0,336
local,2,0.0,337
retail,1,0.0,339
concret,4,0.0,340
peopleâ,1,0.0,343
assur,2,0.0,344
aesthet,1,0.0,345
era,1,0.0,346
hemochromatosi,1,0.0,347
locat,1,0.0,348
transplant,1,0.0,349
slowli,1,0.0,350
crimin,7,0.0,351
colorless,1,0.0,356
product,4,0.0,357
tresca,1,0.0,361
solubl,1,0.0,362
question,2,0.0,363
riga,2,0.0,365
nicknam,1,0.0,367
warmer,1,0.0,368
sharp,2,0.0,369
phi,1,0.0,371
citi,1,0.0,372
carcinoma,1,0.0,373
twain,1,0.0,374
atom,9,0.0,375
thousand,2,0.0,382
infect,1,0.0,384
latvian,2,0.0,385
prohibit,1,0.0,387
kidnei,5,0.0,388
dvorak,1,0.0,393
screen,4,0.0,394
motiv,1,0.0,397
syndrom,1,0.0,398
cage,9,0.0,399
earlier,1,0.0,405
electrosprai,4,0.0,406
function,1,0.0,409
oblig,1,0.0,410
armi,6,0.0,411
xylem,7,0.0,415
suspend,1,0.0,422
comparison,1,0.0,423
sanhedrin,2,0.0,424
firstfruit,1,0.0,426
transpir,1,0.0,427
tool,1,0.0,428
caffein,2,0.0,429
unit,15,0.0,430
basic,1,0.0,442
bodi,5,0.0,443
collect,1,0.0,448
twist,1,0.0,449
pruritu,3,0.0,450
websit,1,0.0,451
reverber,1,0.0,452
abdomen,2,0.0,453
busi,1,0.0,455
medic,22,0.0,456
respons,1,0.0,471
pneumothorax,1,0.0,472
vulgar,1,0.0,473
resolv,1,0.0,474
design,3,0.0,475
victim,14,0.0,477
hemorrhag,1,0.0,486
encourag,1,0.0,487
financ,1,0.0,488
chief,3,0.0,489
bachelor,1,0.0,492
gild,1,0.0,493
transport,7,0.0,494
distil,1,0.0,499
strategi,3,0.0,500
horizont,1,0.0,503
doctor,1,0.0,504
committe,1,0.0,505
âwheat,1,0.0,506
conduct,4,0.0,507
previou,1,0.0,511
femal,1,0.0,512
respond,2,0.0,513
wall,3,0.0,514
storag,1,0.0,517
synthesi,2,0.0,518
ferment,1,0.0,520
reason,4,0.0,521
caught,1,0.0,525
cultur,1,0.0,526
legend,1,0.0,527
neuron,4,0.0,528
nerv,1,0.0,531
led,1,0.0,532
compos,2,0.0,533
nih,1,0.0,534
conduc,1,0.0,535
concern,1,0.0,536
compon,2,0.0,537
thorax,1,0.0,539
âno,1,0.0,540
decad,2,0.0,541
annual,1,0.0,543
worker,8,0.0,544
coffe,2,0.0,549
element,1,0.0,550
dazzl,1,0.0,551
genet,1,0.0,552
gener,1,0.0,553
remain,3,0.0,554
inher,1,0.0,556
offens,2,0.0,557
evolv,1,0.0,559
000,2,0.0,560
mediev,1,0.0,561
grade,2,0.0,562
bilirubin,1,0.0,564
1905,1,0.0,565
offend,14,0.0,566
1904,2,0.0,575
offenc,2,0.0,576
anim,2,0.0,578
tibetan,1,0.0,580
antonã­n,2,0.0,581
overse,2,0.0,583
1900,1,0.0,585
cup,1,0.0,586
document,1,0.0,587
abdomin,3,0.0,588
articul,1,0.0,591
notion,1,0.0,592
attack,3,0.0,593
1913,1,0.0,595
popular,1,0.0,596
cleveland,1,0.0,597
resourc,2,0.0,598
art,1,0.0,599
itchi,1,0.0,600
gradient,1,0.0,601
manhattan,13,0.0,602
phloem,14,0.0,612
exodu,2,0.0,621
poverti,2,0.0,623
innov,1,0.0,625
tour,4,0.0,626
facilit,2,0.0,630
call,7,0.0,632
charl,1,0.0,639
dudlei,1,0.0,640
principl,1,0.0,641
chart,1,0.0,642
unskil,1,0.0,643
oppos,1,0.0,644
fatti,3,0.0,645
innoc,1,0.0,647
lie,2,0.0,648
run,3,0.0,649
bomb,7,0.0,651
smell,4,0.0,658
adjac,1,0.0,661
antagonist,1,0.0,662
innkeep,1,0.0,663
research,1,0.0,664
worri,1,0.0,665
mother,1,0.0,666
view,1,0.0,667
structur,4,0.0,668
late,2,0.0,670
costochondr,1,0.0,672
school,2,0.0,673
stapl,1,0.0,675
aetiolog,1,0.0,676
wast,1,0.0,677
advertis,2,0.0,678
greenish,1,0.0,680
glossari,1,0.0,681
actual,1,0.0,682
tension,1,0.0,683
chest,2,0.0,684
examin,4,0.0,685
camu,1,0.0,688
diaphragm,1,0.0,689
irrit,1,0.0,690
develop,3,0.0,691
reproduc,1,0.0,694
mediat,1,0.0,695
unleaven,1,0.0,696
1942,2,0.0,697
diuret,1,0.0,699
harrison,1,0.0,700
consum,4,0.0,701
name,3,0.0,703
1946,2,0.0,706
1945,1,0.0,708
crop,3,0.0,709
visionari,1,0.0,712
color,13,0.0,713
boom,1,0.0,723
inflamm,4,0.0,724
scientist,1,0.0,727
concept,1,0.0,728
spastic,4,0.0,729
book,1,0.0,732
spectrometri,4,0.0,733
awar,1,0.0,736
focu,1,0.0,737
scientif,2,0.0,738
weapon,2,0.0,739
introduct,1,0.0,741
factor,3,0.0,742
harvest,17,0.0,745
pain,9,0.0,753
llc,5,0.0,759
clariti,1,0.0,762
solidar,1,0.0,763
europ,1,0.0,764
nineteenth,1,0.0,765
center,2,0.0,766
start,7,0.0,768
war,5,0.0,772
duti,2,0.0,777
bone,2,0.0,779
earliest,1,0.0,780
equal,1,0.0,781
chanc,2,0.0,782
refer,1,0.0,784
fund,1,0.0,785
chang,2,0.0,786
israel,2,0.0,788
colon,3,0.0,790
short,3,0.0,792
unusu,1,0.0,795
risk,4,0.0,796
aorta,2,0.0,799
financi,6,0.0,801
time,5,0.0,805
rise,4,0.0,809
shopâ,1,0.0,812
rye,1,0.0,813
leader,3,0.0,814
lendmark,7,0.0,817
circul,2,0.0,820
program,2,0.0,822
gland,1,0.0,824
hepatocyt,1,0.0,825
pancrea,2,0.0,826
stuck,3,0.0,828
fat,3,0.0,829
season,4,0.0,831
udca,4,0.0,834
pale,1,0.0,836
1977,2,0.0,837
conceptualis,2,0.0,839
liver,25,0.0,841
pressur,2,0.0,849
toler,2,0.0,851
preced,1,0.0,852
destin,3,0.0,853
classifi,1,0.0,855
coast,1,0.0,856
moon,3,0.0,857
studi,2,0.0,859
consid,1,0.0,861
light,3,0.0,862
futur,1,0.0,865
clinica,1,0.0,866
1981,2,0.0,867
destroi,6,0.0,869
philosophi,2,0.0,872
care,4,0.0,874
infanc,1,0.0,878
engin,3,0.0,879
assault,1,0.0,882
januari,2,0.0,883
portion,1,0.0,885
direct,1,0.0,886
bright,1,0.0,887
tourism,6,0.0,888
labour,2,0.0,894
unknown,5,0.0,895
tourist,3,0.0,899
lot,2,0.0,902
caus,4,0.0,904
mechan,1,0.0,907
kappa,1,0.0,908
grown,1,0.0,909
protect,1,0.0,910
meant,1,0.0,911
wealth,1,0.0,912
disput,3,0.0,913
lamprei,1,0.0,915
born,1,0.0,916
mccreadi,1,0.0,917
tutori,1,0.0,918
erod,1,0.0,919
wrong,1,0.0,920
hepat,7,0.0,921
hepatocellular,1,0.0,925
mexico,1,0.0,926
grove,2,0.0,927
struggl,1,0.0,929
wheeler,11,0.0,930
foster,1,0.0,937
harvestâ,1,0.0,938
travel,5,0.0,939
board,2,0.0,943
heritag,2,0.0,945
stuff,1,0.0,946
nutrient,2,0.0,947
residenti,1,0.0,949
stomach,1,0.0,950
dai,2,0.0,951
cloud,1,0.0,953
georgia,2,0.0,954
major,8,0.0,956
threaten,4,0.0,963
medicin,2,0.0,966
engineersbegan,1,0.0,968
rain,1,0.0,969
rail,1,0.0,970
format,1,0.0,971
tree,1,0.0,972
rais,2,0.0,973
water,17,0.0,975
borowskiâ,1,0.0,989
cereal,2,0.0,990
cultiv,1,0.0,992
veteran,1,0.0,993
effect,1,0.0,994
elev,2,0.0,995
topic,1,0.0,997
histori,5,0.0,998
job,1,0.0,1001
eaten,1,0.0,1002
sugar,5,0.0,1003
achiev,5,0.0,1007
scienc,1,0.0,1011
transloc,1,0.0,1012
largest,2,0.0,1013
joe,1,0.0,1015
procedur,4,0.0,1016
reactor,1,0.0,1018
continu,1,0.0,1019
percent,1,0.0,1020
novemb,1,0.0,1021
probat,1,0.0,1022
jerusalem,1,0.0,1023
sac,1,0.0,1024
patient,7,0.0,1025
therapi,4,0.0,1030
latvia,2,0.0,1032
arrang,1,0.0,1034
hla,1,0.0,1035
easi,1,0.0,1036
profit,1,0.0,1037
process,3,0.0,1038
move,2,0.0,1041
sap,3,0.0,1043
vacat,1,0.0,1045
kingdom,1,0.0,1046
differ,1,0.0,1047
spread,1,0.0,1048
hospitalâ,1,0.0,1049
situat,1,0.0,1050
build,4,0.0,1051
crisfield,1,0.0,1054
majest,1,0.0,1055
cooper,1,0.0,1056
clinic,1,0.0,1057
complementari,1,0.0,1058
account,2,0.0,1059
confid,1,0.0,1061
extent,1,0.0,1062
13th,1,0.0,1063
extens,1,0.0,1064
bad,1,0.0,1065
bring,2,0.0,1066
bariatr,1,0.0,1068
complet,2,0.0,1069
diagnosi,1,0.0,1071
academ,1,0.0,1072
offer,3,0.0,1073
pharisa,1,0.0,1075
historyâi,1,0.0,1076
ã,1,0.0,1077
dental,1,0.0,1078
complex,4,0.0,1079
record,1,0.0,1083
articular,1,0.0,1084
rank,1,0.0,1085
wkl,1,0.0,1086
fluid,2,0.0,1087
rang,1,0.0,1088
beer,1,0.0,1089
addition,1,0.0,1090
prime,1,0.0,1091
happen,1,0.0,1092
posit,1,0.0,1093
intellect,1,0.0,1094
grow,2,0.0,1095
pass,1,0.0,1097
ag,6,0.0,1098
ombin,2,0.0,1103
impact,1,0.0,1105
secur,1,0.0,1106
molecul,1,0.0,1107
bile,24,0.0,1108
extend,1,0.0,1115
alamo,1,0.0,1116
plastic,1,0.0,1117
constitut,1,0.0,1118
plant,14,0.0,1119
juli,1,0.0,1127
adult,2,0.0,1128
brother,2,0.0,1130
organ,11,0.0,1132
turgor,1,0.0,1140
treatment,3,0.0,1141
cirrhosi,16,0.0,1144
hubert,1,0.0,1149
affect,1,0.0,1150
sentenc,1,0.0,1151
dead,1,0.0,1152
sixth,1,0.0,1153
vertebr,2,0.0,1154
domin,1,0.0,1155
pave,2,0.0,1156
proxim,1,0.0,1158
unresolv,1,0.0,1159
grass,1,0.0,1160
civil,2,0.0,1161
term,5,0.0,1163
wheat,3,0.0,1168
panel,2,0.0,1171
autoimmun,14,0.0,1173
brad,1,0.0,1178
nationâ,1,0.0,1179
mine,1,0.0,1180
mind,2,0.0,1181
set,1,0.0,1183
contain,1,0.0,1184
mtcr,1,0.0,1185
sex,1,0.0,1186
cholestasi,2,0.0,1187
column,1,0.0,1188
staff,1,0.0,1189
food,8,0.0,1190
yrh,1,0.0,1196
march,1,0.0,1197
figur,1,0.0,1198
expertis,1,0.0,1199
june,2,0.0,1200
meet,1,0.0,1202
affili,1,0.0,1203
river,2,0.0,1204
desert,1,0.0,1205
serum,1,0.0,1206
deton,1,0.0,1207
featur,3,0.0,1208
reserv,1,0.0,1211
offic,11,0.0,1212
inborn,1,0.0,1220
deck,2,0.0,1221
parti,2,0.0,1223
justic,10,0.0,1225
dr,5,0.0,1231
hold,1,0.0,1234
dy,1,0.0,1235
garment,1,0.0,1236
legal,1,0.0,1237
train,2,0.0,1238
canaliculi,1,0.0,1240
carri,3,0.0,1241
grape,2,0.0,1244
brown,3,0.0,1245
yearsâ,1,0.0,1247
feast,2,0.0,1248
busiest,1,0.0,1250
excreta,2,0.0,1251
month,1,0.0,1253
final,1,0.0,1254
injur,1,0.0,1255
activ,1,0.0,1256
compar,2,0.0,1257
occasion,1,0.0,1259
indic,1,0.0,1260
hordeum,1,0.0,1261
talmud,1,0.0,1262
origin,1,0.0,1263
monotherapi,2,0.0,1264
fn,2,0.0,1266
divis,1,0.0,1268
underli,1,0.0,1269
univers,1,0.0,1270
cuisin,1,0.0,1271
ricaâ,1,0.0,1272
rate,1,0.0,1273
skill,2,0.0,1274
exclus,3,0.0,1276
client,1,0.0,1279
loaf,1,0.0,1280
ga,4,0.0,1281
nuclear,4,0.0,1283
promot,1,0.0,1286
class,1,0.0,1287
human,2,0.0,1288
outward,1,0.0,1290
divid,1,0.0,1291
lumber,1,0.0,1292
manufactur,1,0.0,1293
relax,1,0.0,1294
naltrexon,1,0.0,1295
ursodeoxychol,2,0.0,1296
contrari,1,0.0,1298
treasur,1,0.0,1299
satisfact,1,0.0,1300
oxid,1,0.0,1301
condit,1,0.0,1302
form,7,0.0,1303
holi,1,0.0,1310
2016,2,0.0,1311
tuber,1,0.0,1313
interpret,1,0.0,1314
iron,1,0.0,1315
hue,2,0.0,1316
restor,5,0.0,1318
diplomat,1,0.0,1321
relat,1,0.0,1322
foundat,3,0.0,1323
peasant,1,0.0,1326
postpon,1,0.0,1327
select,1,0.0,1328
dehydr,1,0.0,1329
congress,1,0.0,1330
vers,1,0.0,1331
degre,2,0.0,1332
attempt,2,0.0,1334
america,3,0.0,1335
obstacl,1,0.0,1338
1841â1904,1,0.0,1339
pancreat,2,0.0,1340
giovannitti,1,0.0,1342
tabernacl,1,0.0,1343
william,1,0.0,1344
vessel,1,0.0,1345
bend,1,0.0,1346
latin,1,0.0,1347
creat,1,0.0,1348
weâll,1,0.0,1349
cholanoid,4,0.0,1350
il,1,0.0,1353
pubm,1,0.0,1354
wrongdo,1,0.0,1355
spleen,4,0.0,1356
director,1,0.0,1359
paraparesi,4,0.0,1360
termin,1,0.0,1363
sucros,3,0.0,1364
abil,1,0.0,1367
antigen,1,0.0,1368
decid,2,0.0,1369
manag,6,0.0,1371
physicist,1,0.0,1376
warner,1,0.0,1377
drink,4,0.0,1378
fodder,1,0.0,1381
lung,4,0.0,1382
experi,5,0.0,1385
john,1,0.0,1389
doe,1,0.0,1390
valu,1,0.0,1391
britain,1,0.0,1392
pursuit,1,0.0,1393
amaz,1,0.0,1394
skin,1,0.0,1395
landscap,1,0.0,1396
summer,1,0.0,1397
robert,1,0.0,1398
resurfac,1,0.0,1399
digest,6,0.0,1400
steve,8,0.0,1404
crime,6,0.0,1408
heavi,2,0.0,1411
centuri,2,0.0,1413
bread,1,0.0,1415
health,8,0.0,1416
amber,2,0.0,1422
metabol,1,0.0,1424
return,1,0.0,1425
extraordinarili,1,0.0,1426
societyâmai,1,0.0,1427
auto,1,0.0,1428
lo,1,0.0,1429
receiv,1,0.0,1430
î²,1,0.0,1431
sign,7,0.0,1432
feel,2,0.0,1438
main,1,0.0,1440
angel,2,0.0,1441
jone,1,0.0,1442
faster,1,0.0,1443
pragu,1,0.0,1444
son,2,0.0,1445
conclud,1,0.0,1447
limit,2,0.0,1448
claim,2,0.0,1450
commun,15,0.0,1452
radic,1,0.0,1460
grain,7,0.0,1461
hanford,1,0.0,1464
credit,7,0.0,1465
chronic,1,0.0,1468
administr,1,0.0,1469
carolina,4,0.0,1470
level,1,0.0,1472
sooner,1,0.0,1473
alabama,2,0.0,1474
author,1,0.0,1476
occur,5,0.0,1477
essai,1,0.0,1481
presenc,2,0.0,1482
leukocyt,1,0.0,1484
heart,5,0.0,1485
servic,15,0.0,1489
siev,1,0.0,1500
legaci,1,0.0,1501
cosmet,2,0.0,1502
true,1,0.0,1503
coal,1,0.0,1504
produc,3,0.0,1505
present,4,0.0,1508
boi,1,0.0,1511
legisl,1,0.0,1512
hereditari,1,0.0,1513
peroxisom,2,0.0,1514
sour,1,0.0,1515
med,2,0.0,1516
matur,1,0.0,1518
breath,1,0.0,1519
head,2,0.0,1520
transform,2,0.0,1521
âone,1,0.0,1522
hour,1,0.0,1523
toxin,1,0.0,1524
biogenesi,1,0.0,1525
bundl,2,0.0,1526
immun,4,0.0,1528
involv,2,0.0,1531
barlei,17,0.0,1533
possibl,1,0.0,1542
beta,1,0.0,1543
purpos,2,0.0,1544
opioid,1,0.0,1546
complianc,1,0.0,1547
control,1,0.0,1548
100,2,0.0,1549
ripen,2,0.0,1550
domest,1,0.0,1552
carlo,1,0.0,1553
mere,1,0.0,1554
overthrow,1,0.0,1555
oppenheim,1,0.0,1556
diffus,2,0.0,1557
closest,1,0.0,1558
01,2,0.0,1559
migrat,1,0.0,1561
depend,1,0.0,1562
nation,2,0.0,1563
hospit,4,0.0,1565
opioiderg,1,0.0,1569
sown,2,0.0,1570
upper,5,0.0,1572
injuri,4,0.0,1576
diabet,1,0.0,1579
danger,1,0.0,1580
laparoscop,1,0.0,1581
cover,1,0.0,1582
594,2,0.0,1583
factori,1,0.0,1585
firm,1,0.0,1586
staircas,2,0.0,1587
reflect,2,0.0,1589
specialti,1,0.0,1591
bank,1,0.0,1592
damag,11,0.0,1593
friend,1,0.0,1601
alcohol,6,0.0,1602
15,2,0.0,1607
16,3,0.0,1609
varieti,3,0.0,1611
17,1,0.0,1614
australia,1,0.0,1615
ancient,1,0.0,1616
vitamin,2,0.0,1617
labor,3,0.0,1618
accept,1,0.0,1621
photosynthet,2,0.0,1622
mission,1,0.0,1624
symptom,1,0.0,1625
empir,1,0.0,1626
includ,13,0.0,1627
meta,4,0.0,1638
laboratorian,1,0.0,1640
triticosecal,1,0.0,1641
autumn,4,0.0,1642
manmad,1,0.0,1645
20,1,0.0,1646
qualiti,1,0.0,1647
motor,4,0.0,1648
23,1,0.0,1651
me70,1,0.0,1652
secretari,1,0.0,1653
haaglund,1,0.0,1654
healthcar,1,0.0,1655
hing,1,0.0,1656
seek,1,0.0,1657
current,2,0.0,1658
excess,1,0.0,1660
disturb,1,0.0,1661
industri,11,0.0,1662
conjunct,1,0.0,1670
relationship,5,0.0,1671
31,1,0.0,1675
emphas,1,0.0,1676
34,1,0.0,1677
intern,3,0.0,1678
storm,2,0.0,1681
starter,2,0.0,1683
childhood,1,0.0,1685
37,1,0.0,1686
â©2017,1,0.0,1687
emerg,2,0.0,1688
confirm,1,0.0,1690
peninsula,1,0.0,1691
hill,2,0.0,1692
aestivum,1,0.0,1694
appoint,1,0.0,1695
progress,2,0.0,1696
assist,1,0.0,1698
oper,1,0.0,1699
41,1,0.0,1700
43,1,0.0,1701
treat,1,0.0,1702
monei,1,0.0,1703
dialogu,2,0.0,1704
rapid,1,0.0,1706
project,19,0.0,1707
countri,4,0.0,1718
qsr,1,0.0,1721
darker,2,0.0,1722
triticum,1,0.0,1724
microscop,1,0.0,1725
disambigu,1,0.0,1726
50,3,0.0,1727
sector,1,0.0,1729
palestin,1,0.0,1730
enclos,1,0.0,1731
ribcag,1,0.0,1732
obliter,1,0.0,1733
gallbladd,1,0.0,1734
laboratori,1,0.0,1735
sink,2,0.0,1736
biliari,10,0.0,1738
solut,2,0.0,1743
repres,3,0.0,1745
substitut,1,0.0,1748
neurolog,5,0.0,1749
ocean,1,0.0,1752
thyroid,4,0.0,1753
scar,3,0.0,1754
concentr,2,0.0,1755
hint,1,0.0,1757
glucos,3,0.0,1758
vital,1,0.0,1761
region,2,0.0,1762
support,3,0.0,1764
secal,1,0.0,1767
apolog,1,0.0,1768
oâ¦nli,1,0.0,1769
multivitamin,1,0.0,1770
honei,1,0.0,1771
mass,4,0.0,1772
father,4,0.0,1775
commerci,6,0.0,1777
rule,1,0.0,1780
ionis,4,0.0,1781
cold,1,0.0,1784
amateur,1,0.0,1785
literatur,1,0.0,1786
organis,1,0.0,1787
life,4,0.0,1788
peopl,7,0.0,1791
common,4,0.0,1797
sternum,1,0.0,1800
reflux,1,0.0,1801
choic,1,0.0,1802
78,1,0.0,1803
normal,2,0.0,1804
gradual,2,0.0,1806
corrupt,1,0.0,1807
youâr,1,0.0,1808
wide,2,0.0,1809
licens,1,0.0,1811
spine,1,0.0,1812
graduat,3,0.0,1813
pericardr,1,0.0,1816
youâv,1,0.0,1817
stone,1,0.0,1818
insur,4,0.0,1819
biblica,1,0.0,1822
1841,2,0.0,1823
communitiesâth,1,0.0,1824
drought,1,0.0,1825
bladder,1,0.0,1826
mari,1,0.0,1827
step,1,0.0,1828
mark,2,0.0,1829
base,2,0.0,1831
stem,1,0.0,1833
88,1,0.0,1834
restaur,1,0.0,1835
individu,2,0.0,1836
sourc,6,0.0,1838
septemb,1,0.0,1843
safeti,2,0.0,1844
justifi,1,0.0,1846
194,1,0.0,1847
type,2,0.0,1848
april,3,0.0,1850
theori,2,0.0,1853
consist,1,0.0,1855
agricultur,2,0.0,1856
1850,1,0.0,1858
review,2,0.0,1859
lost,1,0.0,1861
price,1,0.0,1862
âdisputeâ,2,0.0,1863
90,1,0.0,1865
95,3,0.0,1866
hardscap,2,0.0,1868
1859,1,0.0,1870
crest,1,0.0,1871
ethnic,1,0.0,1872
goal,1,0.0,1873
revolutionari,1,0.0,1874
drank,2,0.0,1875
wife,1,0.0,1877
lose,1,0.0,1878
urinari,5,0.0,1879
vascular,6,0.0,1883
exist,1,0.0,1887
disord,13,0.0,1888
ongo,1,0.0,1896
columbia,1,0.0,1897
lesli,2,0.0,1898
coverag,1,0.0,1900
sexual,1,0.0,1901
feder,1,0.0,1902
contractor,2,0.0,1903
steel,3,0.0,1905
educ,1,0.0,1906
thumb,1,0.0,1907
south,2,0.0,1908
north,3,0.0,1910
church,1,0.0,1913
verifi,1,0.0,1914
secret,2,0.0,1915
requir,2,0.0,1917
foreign,1,0.0,1919
1877,1,0.0,1920
impress,1,0.0,1921
climat,1,0.0,1922
1873,1,0.0,1923
fall,1,0.0,1924
decreas,1,0.0,1925
dark,3,0.0,1926
eat,2,0.0,1928
power,2,0.0,1930
packag,1,0.0,1932
leav,4,0.0,1933
festiv,2,0.0,1937
dvoåã¡k,1,0.0,1939
stakehold,2,0.0,1940
subdivid,1,0.0,1941
railroad,1,0.0,1942
wittm,1,0.0,1943
cook,2,0.0,1944
1890,1,0.0,1946
leaf,1,0.0,1947
observ,2,0.0,1948
lead,2,0.0,1950
academi,2,0.0,1952
excel,2,0.0,1954
filter,1,0.0,1956
help,7,0.0,1957
expect,1,0.0,1963
liquid,4,0.0,1964
1882,2,0.0,1968
pacif,1,0.0,1970
behaviour,1,0.0,1971
chemic,3,0.0,1972
date,1,0.0,1975
reveal,3,0.0,1976
corp,3,0.0,1978
data,1,0.0,1981
butcher,2,0.0,1982
ferdinanduss,1,0.0,1984
beverag,1,0.0,1985
drug,1,0.0,1986
eco,2,0.0,1987
circl,3,0.0,1989
costa,15,0.0,1990
frog,1,0.0,2000
simpl,1,0.0,2001
econom,1,0.0,2002
depart,1,0.0,2003
replac,2,0.0,2004
sens,1,0.0,2006
cholestat,1,0.0,2007
ill,1,0.0,2008
anticip,1,0.0,2009
conferenc,1,0.0,2010
colleg,1,0.0,2011
crosstalk,1,0.0,2012
person,1,0.0,2013
tandem,4,0.0,2014
caviti,2,0.0,2017
visitor,1,0.0,2018
send,1,0.0,2019
repair,5,0.0,2020
frequent,2,0.0,2024
âthe,1,0.0,2026
interact,3,0.0,2027
distinct,1,0.0,2030
winter,4,0.0,2031
membership,1,0.0,2033
vincent,1,0.0,2034
occas,1,0.0,2035
error,1,0.0,2036
urea,1,0.0,2037
paper,1,0.0,2038
recoveri,1,0.0,2039
provid,1,0.0,2040
cost,3,0.0,2041
treati,2,0.0,2043
follow,1,0.0,2044
emploi,1,0.0,2045
trade,1,0.0,2046
immigr,7,0.0,2047
dentistri,1,0.0,2052
growth,1,0.0,2053
oliv,2,0.0,2054
